t,dr,cr,cr2a,cr2b,pv,fdr,fcr,T,Vpz1,Vpz2,Vpzbg,Vadcbg
1502806635.709792, 0.006, 0.751, 1.470, 1.470, 62, 0.006, 0.751, 19.500, 0.13212890625, 0.0064453125, 0.0064453125, 0.0064453125 
1502806636.646807, 0.006, 0.751, 1.473, 1.470, 62, 0.006, 0.751, 19.500, 0.13857421875, 0.0, 0.0, 0.0 
